blockAddr,blockRemain
system\MemoryBlocks\0.csv,4096
system\MemoryBlocks\1.csv,4096
system\MemoryBlocks\2.csv,4096
system\MemoryBlocks\3.csv,4096
system\MemoryBlocks\4.csv,4096
system\MemoryBlocks\5.csv,4096
system\MemoryBlocks\6.csv,4096
system\MemoryBlocks\7.csv,4096
system\MemoryBlocks\8.csv,4096
system\MemoryBlocks\9.csv,4096
system\MemoryBlocks\10.csv,4096
system\MemoryBlocks\11.csv,4096
system\MemoryBlocks\12.csv,4096
system\MemoryBlocks\13.csv,4096
system\MemoryBlocks\14.csv,4096
system\MemoryBlocks\15.csv,4096
system\MemoryBlocks\16.csv,4096
system\MemoryBlocks\17.csv,4096
system\MemoryBlocks\18.csv,4096
system\MemoryBlocks\19.csv,4096
system\MemoryBlocks\20.csv,4096
system\MemoryBlocks\21.csv,4096
system\MemoryBlocks\22.csv,4096
system\MemoryBlocks\23.csv,4096
system\MemoryBlocks\24.csv,4096
system\MemoryBlocks\25.csv,4096
system\MemoryBlocks\26.csv,4096
system\MemoryBlocks\27.csv,4096
system\MemoryBlocks\28.csv,4096
system\MemoryBlocks\29.csv,4096
system\MemoryBlocks\30.csv,4096
system\MemoryBlocks\31.csv,4096
system\MemoryBlocks\32.csv,4096
system\MemoryBlocks\33.csv,4096
system\MemoryBlocks\34.csv,4096
system\MemoryBlocks\35.csv,4096
system\MemoryBlocks\36.csv,4096
system\MemoryBlocks\37.csv,4096
system\MemoryBlocks\38.csv,4096
system\MemoryBlocks\39.csv,4096
system\MemoryBlocks\40.csv,4096
system\MemoryBlocks\41.csv,4096
system\MemoryBlocks\42.csv,4096
system\MemoryBlocks\43.csv,4096
system\MemoryBlocks\44.csv,4096
system\MemoryBlocks\45.csv,4096
system\MemoryBlocks\46.csv,4096
system\MemoryBlocks\47.csv,4096
system\MemoryBlocks\48.csv,4096
system\MemoryBlocks\49.csv,4096
system\MemoryBlocks\50.csv,4096
system\MemoryBlocks\51.csv,4096
system\MemoryBlocks\52.csv,4096
system\MemoryBlocks\53.csv,4096
system\MemoryBlocks\54.csv,4096
system\MemoryBlocks\55.csv,4096
system\MemoryBlocks\56.csv,4096
system\MemoryBlocks\57.csv,4096
system\MemoryBlocks\58.csv,4096
system\MemoryBlocks\59.csv,4096
system\MemoryBlocks\60.csv,4096
system\MemoryBlocks\61.csv,4096
system\MemoryBlocks\62.csv,4096
system\MemoryBlocks\63.csv,4096
system\MemoryBlocks\64.csv,4096
system\MemoryBlocks\65.csv,4096
system\MemoryBlocks\66.csv,4096
system\MemoryBlocks\67.csv,4096
system\MemoryBlocks\68.csv,4096
system\MemoryBlocks\69.csv,4096
system\MemoryBlocks\70.csv,4096
system\MemoryBlocks\71.csv,4096
system\MemoryBlocks\72.csv,4096
system\MemoryBlocks\73.csv,4096
system\MemoryBlocks\74.csv,4096
system\MemoryBlocks\75.csv,4096
system\MemoryBlocks\76.csv,4096
system\MemoryBlocks\77.csv,4096
system\MemoryBlocks\78.csv,4096
system\MemoryBlocks\79.csv,4096
system\MemoryBlocks\80.csv,4096
system\MemoryBlocks\81.csv,4096
system\MemoryBlocks\82.csv,4096
system\MemoryBlocks\83.csv,4096
system\MemoryBlocks\84.csv,4096
system\MemoryBlocks\85.csv,4096
system\MemoryBlocks\86.csv,4096
system\MemoryBlocks\87.csv,4096
system\MemoryBlocks\88.csv,4096
system\MemoryBlocks\89.csv,4096
system\MemoryBlocks\90.csv,4096
system\MemoryBlocks\91.csv,4096
system\MemoryBlocks\92.csv,4096
system\MemoryBlocks\93.csv,4096
system\MemoryBlocks\94.csv,4096
system\MemoryBlocks\95.csv,4096
system\MemoryBlocks\96.csv,4096
system\MemoryBlocks\97.csv,4096
system\MemoryBlocks\98.csv,4096
system\MemoryBlocks\99.csv,4096
